<?xml version="1.0" encoding="utf-8" ?>
<Defs>

  <StatDef>
    <defName>BloodAmount</defName>
    <label>blood amount</label>
    <description>The amount of blood you will get from butchering this creature.</description>
    <category>BasicsPawn</category>
    <defaultBaseValue>40</defaultBaseValue>
    <toStringStyle>Integer</toStringStyle>
    <hideAtValue>0</hideAtValue>
    <parts>
      <li Class="StatPart_BodySize" />
      <li Class="StatPart_NaturalNotMissingBodyPartsCoverage" />
    </parts>
    <postProcessCurve>
      <points>
        <li>(0,0)</li>
        <li>(5,14)</li>
        <li>(40,40)</li>
        <li>(100000,100000)</li>
      </points>
    </postProcessCurve>
  </StatDef>

</Defs>